donation_id,user_id,donation_value,date,time,timestamp
1,63,25.41,2017-03-06,18:28:20,2017-03-06 18:28:20
2,53,93.32,2017-03-15,15:15:09,2017-03-15 15:15:09
3,74,136.04,2017-10-29,20:36:23,2017-10-29 20:36:23
4,94,37.25,2017-05-16,12:33:58,2017-05-16 12:33:58
5,83,89.45,2017-05-09,22:45:44,2017-05-09 22:45:44
6,80,163.67,2017-07-25,21:50:36,2017-07-25 21:50:36
7,19,10.69,2017-11-15,8:43:54,2017-11-15 8:43:54
8,53,135.09,2017-04-14,7:43:37,2017-04-14 7:43:37
9,46,94.38,2017-03-07,10:30:34,2017-03-07 10:30:34
10,90,68.63,2017-02-02,14:23:43,2017-02-02 14:23:43
11,100,152.92,2017-07-01,6:07:58,2017-07-01 6:07:58
12,32,106.40,2017-07-18,3:56:56,2017-07-18 3:56:56
13,24,31.03,2017-04-28,17:14:37,2017-04-28 17:14:37
14,43,90.45,2017-07-18,3:00:25,2017-07-18 3:00:25
15,100,160.94,2016-12-18,9:38:12,2016-12-18 9:38:12
16,6,64.96,2017-06-22,9:48:17,2017-06-22 9:48:17
17,27,139.07,2017-05-08,15:18:22,2017-05-08 15:18:22
18,55,114.46,2017-03-29,7:42:00,2017-03-29 7:42:00
19,55,196.28,2016-12-05,12:34:38,2016-12-05 12:34:38
20,72,153.54,2017-06-16,20:33:40,2017-06-16 20:33:40
21,37,127.40,2017-08-17,1:09:03,2017-08-17 1:09:03
22,8,179.46,2017-03-02,23:57:08,2017-03-02 23:57:08
23,35,36.41,2017-01-05,5:02:05,2017-01-05 5:02:05
24,63,166.90,2017-03-11,0:57:49,2017-03-11 0:57:49
25,20,133.80,2017-02-12,3:28:36,2017-02-12 3:28:36
26,9,81.01,2017-03-09,15:01:35,2017-03-09 15:01:35
27,82,55.08,2017-04-04,4:12:22,2017-04-04 4:12:22
28,91,82.52,2017-04-04,19:14:20,2017-04-04 19:14:20
29,55,151.17,2017-05-31,5:53:09,2017-05-31 5:53:09
30,90,98.98,2017-08-14,15:38:51,2017-08-14 15:38:51
31,9,177.23,2017-01-15,12:56:49,2017-01-15 12:56:49
32,16,14.73,2017-02-12,17:24:55,2017-02-12 17:24:55
33,63,141.33,2017-01-17,9:29:37,2017-01-17 9:29:37
34,9,109.34,2017-03-16,18:52:35,2017-03-16 18:52:35
35,92,106.00,2017-11-17,10:32:15,2017-11-17 10:32:15
36,2,197.01,2016-11-28,15:41:01,2016-11-28 15:41:01
37,44,126.88,2017-05-14,9:56:04,2017-05-14 9:56:04
38,58,11.14,2017-08-09,5:02:48,2017-08-09 5:02:48
39,85,33.28,2016-12-24,3:19:52,2016-12-24 3:19:52
40,40,55.42,2017-03-02,12:35:33,2017-03-02 12:35:33
41,65,70.01,2017-07-17,18:18:43,2017-07-17 18:18:43
42,79,172.51,2017-04-04,0:38:20,2017-04-04 0:38:20
43,63,188.03,2017-01-03,15:55:15,2017-01-03 15:55:15
44,38,156.61,2016-12-03,4:10:03,2016-12-03 4:10:03
45,93,100.27,2017-05-11,18:11:52,2017-05-11 18:11:52
46,39,148.38,2017-05-25,5:12:22,2017-05-25 5:12:22
47,11,101.18,2017-04-22,9:35:57,2017-04-22 9:35:57
48,63,148.06,2017-10-02,3:21:28,2017-10-02 3:21:28
49,52,183.75,2017-06-13,14:15:10,2017-06-13 14:15:10
50,51,2.08,2017-10-27,4:16:42,2017-10-27 4:16:42
51,94,2.22,2016-12-09,14:31:43,2016-12-09 14:31:43
52,44,30.15,2017-01-13,2:41:15,2017-01-13 2:41:15
53,91,33.78,2017-07-07,4:21:08,2017-07-07 4:21:08
54,2,118.02,2017-05-22,9:40:27,2017-05-22 9:40:27
55,89,46.25,2017-06-29,19:41:46,2017-06-29 19:41:46
56,67,189.27,2017-09-17,2:55:29,2017-09-17 2:55:29
57,13,123.49,2017-06-08,21:24:06,2017-06-08 21:24:06
58,5,102.27,2017-05-05,3:11:28,2017-05-05 3:11:28
59,63,142.54,2017-02-13,12:12:41,2017-02-13 12:12:41
60,79,162.92,2017-04-11,5:46:54,2017-04-11 5:46:54
61,20,113.91,2017-10-29,11:35:03,2017-10-29 11:35:03
62,83,56.06,2017-09-30,6:44:55,2017-09-30 6:44:55
63,23,97.57,2016-12-06,8:12:19,2016-12-06 8:12:19
64,16,10.82,2017-05-25,7:46:37,2017-05-25 7:46:37
65,49,59.98,2017-06-13,3:52:01,2017-06-13 3:52:01
66,67,49.30,2017-09-13,14:09:16,2017-09-13 14:09:16
67,50,80.07,2017-05-22,2:20:51,2017-05-22 2:20:51
68,87,77.30,2017-02-17,13:15:22,2017-02-17 13:15:22
69,50,145.12,2017-07-21,18:12:49,2017-07-21 18:12:49
70,29,128.45,2016-12-08,10:43:51,2016-12-08 10:43:51
71,77,190.39,2017-07-28,7:46:46,2017-07-28 7:46:46
72,67,189.80,2017-08-06,16:27:11,2017-08-06 16:27:11
73,45,153.01,2017-01-20,10:43:09,2017-01-20 10:43:09
74,87,40.37,2017-02-19,2:04:15,2017-02-19 2:04:15
75,34,126.94,2017-03-01,5:16:31,2017-03-01 5:16:31
76,13,23.28,2017-03-13,22:33:12,2017-03-13 22:33:12
77,27,174.80,2017-04-26,22:55:43,2017-04-26 22:55:43
78,48,8.21,2017-10-28,12:56:43,2017-10-28 12:56:43
79,11,56.69,2017-11-15,11:22:56,2017-11-15 11:22:56
80,16,85.79,2017-05-27,23:41:49,2017-05-27 23:41:49
81,50,52.21,2017-11-23,4:22:57,2017-11-23 4:22:57
82,83,96.36,2017-08-11,3:30:15,2017-08-11 3:30:15
83,81,127.05,2017-01-25,4:34:04,2017-01-25 4:34:04
84,78,79.21,2017-06-29,1:48:18,2017-06-29 1:48:18
85,75,73.02,2017-01-21,10:34:03,2017-01-21 10:34:03
86,19,53.84,2017-03-06,12:34:52,2017-03-06 12:34:52
87,93,140.20,2017-04-17,2:44:07,2017-04-17 2:44:07
88,48,28.98,2017-02-15,15:49:57,2017-02-15 15:49:57
89,55,23.05,2017-09-02,18:57:27,2017-09-02 18:57:27
90,88,50.51,2016-12-30,21:53:52,2016-12-30 21:53:52
91,46,194.08,2017-03-24,15:26:35,2017-03-24 15:26:35
92,38,122.79,2017-11-22,23:31:23,2017-11-22 23:31:23
93,21,29.01,2017-11-19,9:10:20,2017-11-19 9:10:20
94,80,66.16,2017-04-29,0:46:48,2017-04-29 0:46:48
95,16,74.08,2017-03-17,8:13:18,2017-03-17 8:13:18
96,98,97.91,2017-07-24,14:18:08,2017-07-24 14:18:08
97,35,198.15,2017-08-10,13:39:44,2017-08-10 13:39:44
98,58,174.43,2017-01-06,4:56:02,2017-01-06 4:56:02
99,94,197.79,2017-04-09,3:06:48,2017-04-09 3:06:48
100,29,146.59,2017-01-14,13:44:10,2017-01-14 13:44:10
101,6,73.97,2016-12-11,16:32:45,2016-12-11 16:32:45
102,78,108.59,2017-09-13,12:41:31,2017-09-13 12:41:31
103,9,20.55,2017-11-16,7:25:27,2017-11-16 7:25:27
104,85,115.24,2017-11-09,4:22:45,2017-11-09 4:22:45
105,97,80.35,2017-09-18,2:16:38,2017-09-18 2:16:38
106,62,185.14,2017-09-04,1:13:17,2017-09-04 1:13:17
107,40,58.60,2016-12-23,8:15:31,2016-12-23 8:15:31
108,91,17.81,2017-03-15,17:23:21,2017-03-15 17:23:21
109,33,105.01,2017-08-30,1:08:39,2017-08-30 1:08:39
110,18,163.05,2017-01-30,1:24:47,2017-01-30 1:24:47
111,29,55.67,2017-04-29,13:10:41,2017-04-29 13:10:41
112,90,105.33,2017-09-24,0:09:05,2017-09-24 0:09:05
113,36,177.53,2017-11-04,16:01:57,2017-11-04 16:01:57
114,86,145.35,2016-12-07,17:03:21,2016-12-07 17:03:21
115,87,195.29,2016-12-29,0:03:12,2016-12-29 0:03:12
116,66,128.45,2017-08-28,3:13:31,2017-08-28 3:13:31
117,17,199.76,2017-09-26,19:57:30,2017-09-26 19:57:30
118,9,68.47,2017-05-05,22:47:39,2017-05-05 22:47:39
119,23,23.49,2017-03-08,3:46:02,2017-03-08 3:46:02
120,67,92.94,2017-06-15,17:30:39,2017-06-15 17:30:39
121,57,97.10,2017-05-15,2:01:25,2017-05-15 2:01:25
122,3,6.77,2017-10-12,5:18:38,2017-10-12 5:18:38
123,56,189.40,2017-04-07,18:11:56,2017-04-07 18:11:56
124,23,140.44,2017-08-19,9:53:11,2017-08-19 9:53:11
125,15,108.78,2017-11-07,12:56:46,2017-11-07 12:56:46
126,68,108.62,2017-03-11,15:58:39,2017-03-11 15:58:39
127,71,76.76,2016-12-18,2:55:47,2016-12-18 2:55:47
128,35,95.78,2017-05-01,17:50:46,2017-05-01 17:50:46
129,50,76.60,2016-12-20,22:19:22,2016-12-20 22:19:22
130,18,63.66,2016-12-13,12:10:17,2016-12-13 12:10:17
131,27,143.17,2017-11-20,11:45:10,2017-11-20 11:45:10
132,92,142.83,2017-07-18,1:03:13,2017-07-18 1:03:13
133,61,14.84,2017-07-17,23:30:05,2017-07-17 23:30:05
134,71,121.07,2017-09-07,4:10:30,2017-09-07 4:10:30
135,80,183.48,2017-11-04,9:23:39,2017-11-04 9:23:39
136,77,2.53,2017-03-31,19:53:19,2017-03-31 19:53:19
137,68,105.55,2017-07-29,16:23:51,2017-07-29 16:23:51
138,2,173.28,2017-06-29,10:03:02,2017-06-29 10:03:02
139,69,194.61,2017-05-30,16:50:40,2017-05-30 16:50:40
140,6,92.22,2017-08-22,16:58:44,2017-08-22 16:58:44
141,50,157.97,2017-02-28,17:15:45,2017-02-28 17:15:45
142,38,77.82,2017-06-02,10:14:16,2017-06-02 10:14:16
143,57,20.12,2017-04-15,17:32:56,2017-04-15 17:32:56
144,51,66.91,2017-11-07,4:36:00,2017-11-07 4:36:00
145,1,95.88,2017-05-13,5:27:25,2017-05-13 5:27:25
146,39,111.88,2017-02-22,21:14:36,2017-02-22 21:14:36
147,20,159.85,2017-09-15,6:30:06,2017-09-15 6:30:06
148,77,69.68,2016-12-22,19:13:09,2016-12-22 19:13:09
149,49,77.05,2017-05-19,12:46:30,2017-05-19 12:46:30
150,92,116.26,2017-09-12,23:05:25,2017-09-12 23:05:25
151,44,191.63,2017-11-02,21:52:35,2017-11-02 21:52:35
152,55,95.69,2017-06-14,22:11:06,2017-06-14 22:11:06
153,12,151.58,2017-03-19,12:48:01,2017-03-19 12:48:01
154,65,174.36,2017-07-11,5:49:22,2017-07-11 5:49:22
155,49,104.80,2017-06-22,10:45:17,2017-06-22 10:45:17
156,75,172.25,2017-10-15,4:38:09,2017-10-15 4:38:09
157,8,25.41,2017-08-24,17:29:03,2017-08-24 17:29:03
158,9,86.72,2017-05-03,21:56:43,2017-05-03 21:56:43
159,91,170.29,2017-01-08,9:20:50,2017-01-08 9:20:50
160,100,43.03,2017-10-16,0:03:14,2017-10-16 0:03:14
161,66,90.29,2017-10-20,6:31:04,2017-10-20 6:31:04
162,94,96.65,2017-08-03,15:54:25,2017-08-03 15:54:25
163,46,107.65,2017-03-19,13:30:42,2017-03-19 13:30:42
164,27,2.95,2017-10-13,11:13:24,2017-10-13 11:13:24
165,69,69.81,2017-04-02,1:40:47,2017-04-02 1:40:47
166,23,85.27,2017-11-06,13:49:09,2017-11-06 13:49:09
167,76,20.28,2017-08-07,15:58:39,2017-08-07 15:58:39
168,95,95.77,2017-03-28,3:49:23,2017-03-28 3:49:23
169,35,90.87,2017-09-11,18:51:41,2017-09-11 18:51:41
170,20,66.21,2017-05-29,13:55:21,2017-05-29 13:55:21
171,4,52.31,2017-08-23,9:44:47,2017-08-23 9:44:47
172,20,123.97,2017-10-27,18:38:03,2017-10-27 18:38:03
173,83,147.60,2017-08-05,11:31:58,2017-08-05 11:31:58
174,73,80.06,2017-04-30,14:29:12,2017-04-30 14:29:12
175,59,43.57,2017-02-16,20:09:21,2017-02-16 20:09:21
176,35,56.66,2016-11-26,3:12:08,2016-11-26 3:12:08
177,3,152.98,2016-12-31,21:14:54,2016-12-31 21:14:54
178,60,66.40,2017-10-28,4:44:21,2017-10-28 4:44:21
179,80,15.28,2017-07-04,2:26:31,2017-07-04 2:26:31
180,4,24.88,2017-08-22,21:22:32,2017-08-22 21:22:32
181,34,177.34,2017-10-20,18:16:47,2017-10-20 18:16:47
182,88,144.37,2017-08-27,9:35:45,2017-08-27 9:35:45
183,19,179.02,2017-07-26,8:35:03,2017-07-26 8:35:03
184,52,182.13,2017-04-06,9:58:51,2017-04-06 9:58:51
185,61,62.73,2017-09-28,7:00:46,2017-09-28 7:00:46
186,85,49.37,2017-05-25,11:04:56,2017-05-25 11:04:56
187,4,45.93,2017-02-06,10:53:47,2017-02-06 10:53:47
188,68,64.53,2017-11-17,1:07:04,2017-11-17 1:07:04
189,76,101.95,2017-05-24,12:54:52,2017-05-24 12:54:52
190,13,17.01,2017-03-29,14:29:59,2017-03-29 14:29:59
191,57,194.07,2017-05-28,16:57:45,2017-05-28 16:57:45
192,5,185.56,2017-09-09,2:48:16,2017-09-09 2:48:16
193,89,87.19,2017-10-02,9:04:00,2017-10-02 9:04:00
194,86,7.52,2017-10-03,3:46:07,2017-10-03 3:46:07
195,12,166.19,2017-03-24,15:22:47,2017-03-24 15:22:47
196,34,164.80,2017-07-24,9:37:30,2017-07-24 9:37:30
197,54,57.50,2016-12-07,20:36:14,2016-12-07 20:36:14
198,71,121.35,2017-04-23,13:20:44,2017-04-23 13:20:44
199,79,128.78,2017-07-12,17:44:55,2017-07-12 17:44:55
200,14,127.28,2017-07-16,2:39:06,2017-07-16 2:39:06
201,80,96.80,2017-05-02,20:37:50,2017-05-02 20:37:50
202,62,88.14,2017-10-31,13:41:23,2017-10-31 13:41:23
203,56,22.32,2017-07-25,20:58:25,2017-07-25 20:58:25
204,19,45.24,2017-02-03,9:43:13,2017-02-03 9:43:13
205,32,64.73,2017-05-26,5:02:13,2017-05-26 5:02:13
206,9,123.97,2017-11-22,18:54:43,2017-11-22 18:54:43
207,90,176.78,2017-10-11,15:01:30,2017-10-11 15:01:30
208,27,58.09,2017-05-22,22:50:22,2017-05-22 22:50:22
209,98,123.35,2017-04-08,12:45:49,2017-04-08 12:45:49
210,77,194.33,2017-03-17,10:26:06,2017-03-17 10:26:06
211,15,159.30,2017-06-17,17:00:16,2017-06-17 17:00:16
212,40,87.82,2017-05-05,19:30:56,2017-05-05 19:30:56
213,20,163.11,2017-05-20,3:26:03,2017-05-20 3:26:03
214,95,184.10,2017-06-01,1:32:39,2017-06-01 1:32:39
215,15,176.02,2017-02-08,17:12:51,2017-02-08 17:12:51
216,24,85.03,2017-05-05,23:19:32,2017-05-05 23:19:32
217,9,158.63,2017-05-06,0:05:21,2017-05-06 0:05:21
218,34,153.81,2017-09-12,7:44:14,2017-09-12 7:44:14
219,70,25.20,2017-11-07,16:42:13,2017-11-07 16:42:13
220,51,152.87,2017-10-11,7:29:10,2017-10-11 7:29:10
221,34,144.79,2017-09-16,12:54:59,2017-09-16 12:54:59
222,2,154.52,2017-09-10,5:54:41,2017-09-10 5:54:41
223,92,196.41,2017-05-04,3:44:30,2017-05-04 3:44:30
224,95,196.51,2017-05-30,0:25:42,2017-05-30 0:25:42
225,19,118.02,2016-12-30,21:42:59,2016-12-30 21:42:59
226,10,41.21,2017-03-02,0:40:42,2017-03-02 0:40:42
227,34,76.94,2017-07-26,19:36:51,2017-07-26 19:36:51
228,82,32.84,2017-06-03,13:46:46,2017-06-03 13:46:46
229,97,35.58,2016-12-28,5:50:27,2016-12-28 5:50:27
230,23,160.33,2017-07-29,4:08:21,2017-07-29 4:08:21
231,44,16.78,2016-12-22,14:51:14,2016-12-22 14:51:14
232,98,77.09,2017-11-02,21:06:48,2017-11-02 21:06:48
233,33,105.07,2017-08-07,12:11:37,2017-08-07 12:11:37
234,27,47.46,2017-01-20,16:54:49,2017-01-20 16:54:49
235,6,142.82,2017-10-22,11:19:39,2017-10-22 11:19:39
236,68,160.13,2017-05-29,23:12:51,2017-05-29 23:12:51
237,32,19.45,2017-09-01,18:54:04,2017-09-01 18:54:04
238,86,119.55,2017-09-21,5:30:15,2017-09-21 5:30:15
239,61,158.11,2017-05-06,0:17:24,2017-05-06 0:17:24
240,71,55.99,2017-11-03,20:09:32,2017-11-03 20:09:32
241,25,8.25,2017-08-22,11:21:01,2017-08-22 11:21:01
242,76,69.97,2016-12-20,15:32:58,2016-12-20 15:32:58
243,35,4.33,2017-02-07,9:12:46,2017-02-07 9:12:46
244,87,171.84,2017-07-06,7:02:32,2017-07-06 7:02:32
245,69,30.67,2017-03-31,11:18:15,2017-03-31 11:18:15
246,75,194.42,2017-09-10,16:51:07,2017-09-10 16:51:07
247,15,167.75,2017-03-05,13:00:39,2017-03-05 13:00:39
248,35,15.65,2017-05-15,16:03:46,2017-05-15 16:03:46
249,71,94.59,2017-05-28,18:52:40,2017-05-28 18:52:40
250,11,152.55,2017-04-30,12:40:20,2017-04-30 12:40:20
251,97,51.92,2016-12-27,15:26:21,2016-12-27 15:26:21
252,29,137.02,2017-10-31,4:24:55,2017-10-31 4:24:55
253,4,120.02,2017-10-28,18:48:08,2017-10-28 18:48:08
254,94,187.63,2017-07-07,18:14:42,2017-07-07 18:14:42
255,43,58.14,2016-12-30,3:32:19,2016-12-30 3:32:19
256,62,83.20,2017-01-06,12:58:20,2017-01-06 12:58:20
257,26,122.02,2017-11-15,22:43:10,2017-11-15 22:43:10
258,91,91.11,2017-06-15,15:49:14,2017-06-15 15:49:14
259,52,51.32,2016-12-05,17:28:18,2016-12-05 17:28:18
260,64,60.85,2017-05-24,18:06:13,2017-05-24 18:06:13
261,25,27.95,2017-09-04,13:14:38,2017-09-04 13:14:38
262,15,46.83,2017-03-31,1:24:15,2017-03-31 1:24:15
263,51,154.93,2016-12-08,7:53:54,2016-12-08 7:53:54
264,1,150.51,2017-09-21,4:36:37,2017-09-21 4:36:37
265,65,42.11,2017-07-21,5:38:01,2017-07-21 5:38:01
266,50,176.10,2017-08-27,10:07:10,2017-08-27 10:07:10
267,29,124.44,2017-05-19,10:36:57,2017-05-19 10:36:57
268,3,58.17,2017-01-21,8:42:12,2017-01-21 8:42:12
269,60,14.71,2017-11-14,9:27:03,2017-11-14 9:27:03
270,97,43.84,2017-03-26,1:06:54,2017-03-26 1:06:54
271,59,122.19,2017-06-06,14:30:02,2017-06-06 14:30:02
272,75,35.46,2017-01-16,7:25:42,2017-01-16 7:25:42
273,88,4.76,2017-08-06,16:54:53,2017-08-06 16:54:53
274,97,55.45,2017-05-20,10:57:08,2017-05-20 10:57:08
275,38,55.88,2017-02-22,21:16:15,2017-02-22 21:16:15
276,76,86.88,2017-05-28,4:00:01,2017-05-28 4:00:01
277,10,18.56,2017-04-15,9:18:04,2017-04-15 9:18:04
278,44,158.75,2017-07-24,5:48:08,2017-07-24 5:48:08
279,44,94.30,2017-10-16,14:03:35,2017-10-16 14:03:35
280,60,1.47,2017-06-27,19:58:57,2017-06-27 19:58:57
281,17,118.76,2017-04-25,9:02:19,2017-04-25 9:02:19
282,65,56.96,2016-12-03,17:34:36,2016-12-03 17:34:36
283,41,161.32,2017-06-22,0:22:21,2017-06-22 0:22:21
284,17,148.49,2017-10-25,8:25:21,2017-10-25 8:25:21
285,86,80.92,2017-04-02,11:56:59,2017-04-02 11:56:59
286,99,48.68,2017-08-12,7:51:26,2017-08-12 7:51:26
287,67,147.56,2017-09-26,5:02:02,2017-09-26 5:02:02
288,51,64.40,2017-08-13,8:31:57,2017-08-13 8:31:57
289,4,105.89,2017-09-15,9:49:34,2017-09-15 9:49:34
290,70,47.08,2017-06-05,5:25:32,2017-06-05 5:25:32
291,93,55.49,2017-04-13,13:02:53,2017-04-13 13:02:53
292,31,42.90,2017-05-04,20:28:36,2017-05-04 20:28:36
293,36,195.03,2017-01-18,12:10:17,2017-01-18 12:10:17
294,70,2.03,2017-10-28,20:27:33,2017-10-28 20:27:33
295,27,58.59,2017-11-04,6:08:29,2017-11-04 6:08:29
296,40,177.09,2017-05-18,20:37:12,2017-05-18 20:37:12
297,40,14.32,2017-03-25,8:50:05,2017-03-25 8:50:05
298,80,168.43,2017-09-30,4:52:56,2017-09-30 4:52:56
299,80,142.02,2016-12-15,14:38:14,2016-12-15 14:38:14
300,18,7.25,2016-12-19,6:57:13,2016-12-19 6:57:13
301,16,93.52,2017-06-05,2:07:05,2017-06-05 2:07:05
302,13,170.35,2017-09-13,7:43:33,2017-09-13 7:43:33
303,49,138.88,2017-06-05,5:40:38,2017-06-05 5:40:38
304,51,132.56,2017-07-13,8:46:16,2017-07-13 8:46:16
305,17,1.19,2017-06-18,16:21:24,2017-06-18 16:21:24
306,93,51.91,2017-11-02,9:34:39,2017-11-02 9:34:39
307,79,129.98,2017-01-10,9:44:23,2017-01-10 9:44:23
308,80,29.04,2017-01-13,20:55:41,2017-01-13 20:55:41
309,63,161.76,2017-10-28,15:59:41,2017-10-28 15:59:41
310,52,148.76,2017-03-26,1:47:01,2017-03-26 1:47:01
311,31,155.49,2017-05-03,8:58:01,2017-05-03 8:58:01
312,52,104.25,2017-01-19,13:35:17,2017-01-19 13:35:17
313,13,117.12,2017-11-10,13:49:33,2017-11-10 13:49:33
314,18,172.70,2017-04-09,22:19:21,2017-04-09 22:19:21
315,10,31.14,2017-02-21,5:16:53,2017-02-21 5:16:53
316,2,190.49,2017-05-16,8:41:48,2017-05-16 8:41:48
317,1,51.55,2017-10-26,1:55:37,2017-10-26 1:55:37
318,97,29.35,2017-11-12,1:47:52,2017-11-12 1:47:52
319,58,129.08,2017-06-17,17:12:50,2017-06-17 17:12:50
320,83,186.92,2017-05-06,19:09:15,2017-05-06 19:09:15
321,90,42.75,2017-03-30,16:35:29,2017-03-30 16:35:29
322,7,16.59,2017-06-18,16:40:21,2017-06-18 16:40:21
323,60,58.90,2017-04-13,22:24:56,2017-04-13 22:24:56
324,17,160.17,2017-01-28,7:55:51,2017-01-28 7:55:51
325,3,17.30,2017-09-23,14:47:50,2017-09-23 14:47:50
326,79,12.98,2017-07-31,9:03:09,2017-07-31 9:03:09
327,78,82.52,2017-10-29,2:35:55,2017-10-29 2:35:55
328,36,95.90,2017-04-03,19:59:33,2017-04-03 19:59:33
329,35,190.79,2017-08-13,14:46:48,2017-08-13 14:46:48
330,68,151.42,2017-04-01,1:47:56,2017-04-01 1:47:56
331,69,150.07,2017-03-20,14:31:41,2017-03-20 14:31:41
332,16,123.39,2017-11-03,18:37:56,2017-11-03 18:37:56
333,76,152.82,2017-03-15,4:54:01,2017-03-15 4:54:01
334,86,116.13,2017-06-01,4:29:52,2017-06-01 4:29:52
335,74,90.13,2017-01-08,15:26:33,2017-01-08 15:26:33
336,46,87.46,2017-10-05,10:49:03,2017-10-05 10:49:03
337,34,60.54,2016-12-27,23:09:02,2016-12-27 23:09:02
338,49,141.34,2017-05-06,2:28:57,2017-05-06 2:28:57
339,90,102.72,2017-10-30,23:25:30,2017-10-30 23:25:30
340,70,126.27,2017-11-10,19:41:43,2017-11-10 19:41:43
341,31,35.93,2016-12-10,5:04:28,2016-12-10 5:04:28
342,53,168.56,2017-10-11,12:36:48,2017-10-11 12:36:48
343,3,133.63,2017-05-07,20:44:59,2017-05-07 20:44:59
344,36,68.56,2017-09-12,14:52:03,2017-09-12 14:52:03
345,11,166.37,2017-08-02,7:48:47,2017-08-02 7:48:47
346,48,125.67,2017-03-04,3:52:20,2017-03-04 3:52:20
347,49,14.36,2017-07-08,7:08:56,2017-07-08 7:08:56
348,35,62.91,2017-05-10,14:59:58,2017-05-10 14:59:58
349,32,82.39,2017-01-29,11:44:51,2017-01-29 11:44:51
350,23,30.22,2017-11-18,15:02:35,2017-11-18 15:02:35
351,12,199.60,2017-06-23,6:17:38,2017-06-23 6:17:38
352,18,54.02,2017-01-01,7:07:48,2017-01-01 7:07:48
353,54,172.44,2017-09-07,5:48:43,2017-09-07 5:48:43
354,3,25.82,2017-03-01,13:57:07,2017-03-01 13:57:07
355,58,31.24,2017-04-10,22:36:57,2017-04-10 22:36:57
356,8,110.66,2017-11-16,12:56:58,2017-11-16 12:56:58
357,76,179.90,2017-06-17,19:29:13,2017-06-17 19:29:13
358,24,2.49,2017-07-09,8:29:36,2017-07-09 8:29:36
359,4,185.72,2017-03-23,18:05:09,2017-03-23 18:05:09
360,42,51.38,2017-11-04,16:33:49,2017-11-04 16:33:49
361,51,83.22,2017-05-27,11:51:50,2017-05-27 11:51:50
362,15,4.52,2017-05-17,22:16:52,2017-05-17 22:16:52
363,22,144.27,2017-04-19,13:53:13,2017-04-19 13:53:13
364,47,111.25,2016-12-18,22:13:10,2016-12-18 22:13:10
365,98,106.47,2017-08-31,8:36:26,2017-08-31 8:36:26
366,95,169.52,2016-12-21,8:32:32,2016-12-21 8:32:32
367,28,119.21,2017-10-25,4:12:11,2017-10-25 4:12:11
368,58,87.65,2017-08-23,16:20:15,2017-08-23 16:20:15
369,67,111.89,2017-05-31,11:34:48,2017-05-31 11:34:48
370,78,135.55,2017-07-04,4:55:10,2017-07-04 4:55:10
371,51,5.76,2017-06-02,14:03:05,2017-06-02 14:03:05
372,22,48.08,2017-08-07,13:38:06,2017-08-07 13:38:06
373,30,27.57,2017-03-06,9:41:35,2017-03-06 9:41:35
374,55,38.75,2016-12-30,4:09:32,2016-12-30 4:09:32
375,88,58.56,2017-10-08,23:01:19,2017-10-08 23:01:19
376,10,192.63,2017-10-22,14:40:39,2017-10-22 14:40:39
377,22,174.36,2017-09-02,6:35:54,2017-09-02 6:35:54
378,33,159.86,2017-11-12,11:51:44,2017-11-12 11:51:44
379,45,124.56,2017-01-21,11:07:29,2017-01-21 11:07:29
380,48,51.54,2017-11-15,0:09:05,2017-11-15 0:09:05
381,60,60.95,2017-01-31,14:18:17,2017-01-31 14:18:17
382,90,41.54,2017-08-30,16:43:35,2017-08-30 16:43:35
383,21,46.36,2017-03-04,17:29:27,2017-03-04 17:29:27
384,20,83.36,2017-11-14,19:51:22,2017-11-14 19:51:22
385,27,8.74,2017-10-13,6:08:50,2017-10-13 6:08:50
386,68,41.42,2017-05-29,14:24:50,2017-05-29 14:24:50
387,3,74.61,2017-02-17,3:04:01,2017-02-17 3:04:01
388,71,197.69,2017-11-16,19:22:40,2017-11-16 19:22:40
389,76,91.57,2017-03-27,19:51:10,2017-03-27 19:51:10
390,88,149.28,2017-07-19,3:02:04,2017-07-19 3:02:04
391,9,122.65,2017-07-25,13:18:05,2017-07-25 13:18:05
392,54,118.02,2017-03-19,17:36:44,2017-03-19 17:36:44
393,46,38.60,2017-02-07,0:51:59,2017-02-07 0:51:59
394,63,162.67,2017-11-21,4:47:42,2017-11-21 4:47:42
395,55,157.02,2017-07-10,11:04:02,2017-07-10 11:04:02
396,32,7.82,2017-09-27,21:23:13,2017-09-27 21:23:13
397,22,133.90,2017-02-18,8:25:37,2017-02-18 8:25:37
398,89,181.38,2017-11-23,1:24:20,2017-11-23 1:24:20
399,79,39.47,2017-08-21,7:06:43,2017-08-21 7:06:43
400,14,72.94,2017-02-28,8:50:15,2017-02-28 8:50:15
401,21,169.53,2017-10-04,20:40:40,2017-10-04 20:40:40
402,47,101.09,2017-08-07,19:44:40,2017-08-07 19:44:40
403,76,28.90,2017-03-20,13:42:16,2017-03-20 13:42:16
404,30,122.07,2017-01-24,19:18:39,2017-01-24 19:18:39
405,63,12.15,2017-11-18,17:09:22,2017-11-18 17:09:22
406,23,193.78,2017-05-29,2:55:00,2017-05-29 2:55:00
407,77,187.32,2017-06-06,9:43:24,2017-06-06 9:43:24
408,50,142.52,2017-10-20,8:39:04,2017-10-20 8:39:04
409,41,129.44,2017-08-04,19:23:53,2017-08-04 19:23:53
410,50,193.47,2017-01-11,6:02:12,2017-01-11 6:02:12
411,38,140.40,2017-03-12,11:52:05,2017-03-12 11:52:05
412,30,197.63,2017-06-06,12:23:43,2017-06-06 12:23:43
413,12,54.50,2017-05-20,13:12:17,2017-05-20 13:12:17
414,39,79.91,2017-08-27,23:41:39,2017-08-27 23:41:39
415,60,184.84,2016-12-16,14:20:48,2016-12-16 14:20:48
416,10,50.56,2017-10-14,18:02:45,2017-10-14 18:02:45
417,12,99.50,2017-11-21,17:43:56,2017-11-21 17:43:56
418,76,192.87,2017-05-05,21:13:50,2017-05-05 21:13:50
419,95,50.07,2017-09-15,21:28:35,2017-09-15 21:28:35
420,4,178.62,2017-04-29,14:25:28,2017-04-29 14:25:28
421,91,167.56,2016-12-11,3:03:12,2016-12-11 3:03:12
422,37,115.54,2017-03-21,3:13:10,2017-03-21 3:13:10
423,89,31.89,2017-02-25,22:18:38,2017-02-25 22:18:38
424,61,146.37,2017-09-11,13:09:05,2017-09-11 13:09:05
425,62,121.49,2017-08-27,19:05:54,2017-08-27 19:05:54
426,60,37.25,2017-06-21,1:50:19,2017-06-21 1:50:19
427,16,163.97,2017-08-20,4:57:09,2017-08-20 4:57:09
428,84,159.40,2016-12-12,0:40:50,2016-12-12 0:40:50
429,72,46.62,2017-10-06,7:30:56,2017-10-06 7:30:56
430,25,45.88,2017-01-19,13:11:22,2017-01-19 13:11:22
431,97,15.61,2017-03-13,3:58:50,2017-03-13 3:58:50
432,56,178.82,2016-12-14,9:45:42,2016-12-14 9:45:42
433,64,172.76,2017-06-15,15:04:10,2017-06-15 15:04:10
434,25,121.72,2017-01-11,11:39:53,2017-01-11 11:39:53
435,74,160.48,2017-08-02,3:07:34,2017-08-02 3:07:34
436,72,149.83,2017-09-08,10:59:17,2017-09-08 10:59:17
437,92,42.61,2017-10-21,13:06:07,2017-10-21 13:06:07
438,37,20.00,2017-04-08,10:54:26,2017-04-08 10:54:26
439,78,5.79,2017-05-04,11:12:58,2017-05-04 11:12:58
440,5,86.19,2017-08-21,2:31:26,2017-08-21 2:31:26
441,86,106.93,2017-04-22,7:55:12,2017-04-22 7:55:12
442,83,182.84,2017-06-08,9:57:42,2017-06-08 9:57:42
443,68,47.77,2017-09-09,8:33:31,2017-09-09 8:33:31
444,43,74.63,2017-03-24,2:23:17,2017-03-24 2:23:17
445,21,139.36,2017-02-13,21:52:55,2017-02-13 21:52:55
446,50,176.28,2017-07-08,15:26:07,2017-07-08 15:26:07
447,7,25.91,2017-07-30,1:23:36,2017-07-30 1:23:36
448,75,128.28,2017-09-24,17:32:13,2017-09-24 17:32:13
449,97,66.06,2017-01-22,21:42:59,2017-01-22 21:42:59
450,63,86.08,2017-09-25,15:43:19,2017-09-25 15:43:19
451,71,139.84,2017-06-22,16:37:59,2017-06-22 16:37:59
452,3,199.32,2017-06-08,6:41:39,2017-06-08 6:41:39
453,21,102.52,2017-11-04,5:13:43,2017-11-04 5:13:43
454,71,3.30,2017-02-27,22:58:13,2017-02-27 22:58:13
455,55,77.51,2017-08-03,8:33:15,2017-08-03 8:33:15
456,71,186.73,2017-07-10,6:29:46,2017-07-10 6:29:46
457,92,80.80,2016-11-28,9:11:26,2016-11-28 9:11:26
458,46,177.48,2017-11-04,5:08:19,2017-11-04 5:08:19
459,39,107.69,2017-02-06,15:46:58,2017-02-06 15:46:58
460,2,65.68,2017-05-11,3:32:57,2017-05-11 3:32:57
461,44,6.48,2017-11-06,7:09:53,2017-11-06 7:09:53
462,26,169.59,2017-01-25,20:23:14,2017-01-25 20:23:14
463,50,29.07,2017-06-20,11:34:40,2017-06-20 11:34:40
464,29,5.49,2017-06-11,21:22:59,2017-06-11 21:22:59
465,70,80.67,2017-08-27,18:37:29,2017-08-27 18:37:29
466,21,116.55,2017-02-26,19:07:43,2017-02-26 19:07:43
467,100,76.93,2017-01-07,9:12:13,2017-01-07 9:12:13
468,34,126.13,2017-04-25,16:14:09,2017-04-25 16:14:09
469,12,166.89,2016-12-24,10:34:22,2016-12-24 10:34:22
470,14,124.28,2017-05-26,18:53:19,2017-05-26 18:53:19
471,51,84.28,2017-04-28,21:47:21,2017-04-28 21:47:21
472,85,106.73,2017-05-24,7:57:06,2017-05-24 7:57:06
473,23,120.62,2017-07-14,19:32:55,2017-07-14 19:32:55
474,54,135.64,2017-02-02,10:48:12,2017-02-02 10:48:12
475,92,92.81,2017-04-26,21:16:49,2017-04-26 21:16:49
476,91,47.46,2016-12-10,22:04:18,2016-12-10 22:04:18
477,34,94.57,2017-10-11,8:14:38,2017-10-11 8:14:38
478,44,61.20,2017-01-07,19:09:16,2017-01-07 19:09:16
479,40,62.57,2017-05-09,3:52:30,2017-05-09 3:52:30
480,20,121.28,2017-09-09,6:26:22,2017-09-09 6:26:22
481,55,195.72,2017-05-11,22:00:27,2017-05-11 22:00:27
482,98,87.72,2017-06-18,17:58:50,2017-06-18 17:58:50
483,92,21.26,2017-05-31,22:02:09,2017-05-31 22:02:09
484,69,7.98,2017-06-18,17:58:07,2017-06-18 17:58:07
485,89,176.74,2017-08-14,20:29:56,2017-08-14 20:29:56
486,1,188.37,2017-02-01,20:20:44,2017-02-01 20:20:44
487,24,69.81,2016-12-08,2:30:55,2016-12-08 2:30:55
488,91,137.66,2016-12-24,13:15:03,2016-12-24 13:15:03
489,52,62.80,2017-08-16,6:18:28,2017-08-16 6:18:28
490,22,130.87,2017-08-07,16:35:21,2017-08-07 16:35:21
491,91,76.07,2017-03-15,19:41:29,2017-03-15 19:41:29
492,86,174.62,2017-10-08,18:54:01,2017-10-08 18:54:01
493,59,73.08,2017-04-06,5:38:36,2017-04-06 5:38:36
494,37,139.41,2017-01-04,19:22:12,2017-01-04 19:22:12
495,39,43.53,2017-01-13,1:56:49,2017-01-13 1:56:49
496,22,99.69,2016-11-27,20:07:05,2016-11-27 20:07:05
497,33,142.43,2017-09-23,10:43:12,2017-09-23 10:43:12
498,64,139.79,2017-06-18,9:20:10,2017-06-18 9:20:10
499,100,134.05,2017-04-02,17:40:05,2017-04-02 17:40:05
500,34,90.62,2017-06-24,10:00:56,2017-06-24 10:00:56
501,61,7.20,2017-04-29,3:45:31,2017-04-29 3:45:31
502,98,74.56,2017-06-02,10:50:12,2017-06-02 10:50:12
503,24,32.43,2017-01-17,13:14:21,2017-01-17 13:14:21
504,41,103.77,2017-11-04,1:06:44,2017-11-04 1:06:44
505,40,174.98,2017-03-16,5:07:17,2017-03-16 5:07:17
506,11,21.46,2017-06-11,17:34:35,2017-06-11 17:34:35
507,6,104.26,2017-02-26,13:01:19,2017-02-26 13:01:19
508,17,147.32,2016-12-17,3:39:56,2016-12-17 3:39:56
509,100,180.48,2017-04-01,10:36:02,2017-04-01 10:36:02
510,96,112.67,2017-11-13,20:44:07,2017-11-13 20:44:07
511,72,6.49,2017-08-27,15:26:27,2017-08-27 15:26:27
512,19,107.02,2017-05-10,1:05:54,2017-05-10 1:05:54
513,77,133.00,2017-04-06,8:51:04,2017-04-06 8:51:04
514,56,86.60,2017-05-10,19:49:35,2017-05-10 19:49:35
515,28,129.64,2017-08-09,3:48:40,2017-08-09 3:48:40
516,4,126.57,2017-05-02,15:48:09,2017-05-02 15:48:09
517,51,138.09,2017-09-17,17:00:52,2017-09-17 17:00:52
518,66,69.75,2016-12-27,0:26:52,2016-12-27 0:26:52
519,97,194.50,2017-11-10,22:48:25,2017-11-10 22:48:25
520,11,23.86,2017-02-24,23:32:34,2017-02-24 23:32:34
521,89,133.76,2017-10-04,3:13:56,2017-10-04 3:13:56
522,58,75.87,2017-09-30,1:53:00,2017-09-30 1:53:00
523,89,95.51,2017-06-23,10:04:26,2017-06-23 10:04:26
524,2,91.76,2017-05-07,14:32:42,2017-05-07 14:32:42
525,88,165.36,2017-02-05,17:26:39,2017-02-05 17:26:39
526,88,135.52,2017-09-01,13:09:38,2017-09-01 13:09:38
527,88,186.85,2017-11-16,16:48:34,2017-11-16 16:48:34
528,97,32.71,2017-05-04,11:01:33,2017-05-04 11:01:33
529,31,128.41,2017-08-04,23:23:02,2017-08-04 23:23:02
530,50,169.01,2017-04-01,0:09:07,2017-04-01 0:09:07
531,65,156.46,2017-04-15,8:32:18,2017-04-15 8:32:18
532,20,182.34,2017-05-23,18:29:17,2017-05-23 18:29:17
533,26,111.87,2017-06-15,14:15:08,2017-06-15 14:15:08
534,12,90.24,2017-05-15,1:04:15,2017-05-15 1:04:15
535,48,154.29,2017-01-02,14:06:22,2017-01-02 14:06:22
536,75,13.77,2017-05-22,23:41:10,2017-05-22 23:41:10
537,13,88.98,2017-09-06,10:58:11,2017-09-06 10:58:11
538,73,193.52,2017-09-06,23:26:02,2017-09-06 23:26:02
539,29,64.64,2017-02-14,21:03:27,2017-02-14 21:03:27
540,99,147.09,2016-12-19,6:41:08,2016-12-19 6:41:08
541,24,148.71,2017-08-30,23:27:28,2017-08-30 23:27:28
542,17,73.49,2017-04-02,4:47:25,2017-04-02 4:47:25
543,74,183.07,2016-12-26,2:39:08,2016-12-26 2:39:08
544,40,185.80,2017-08-10,15:28:24,2017-08-10 15:28:24
545,64,151.25,2017-10-14,23:25:24,2017-10-14 23:25:24
546,31,9.56,2017-09-10,10:38:37,2017-09-10 10:38:37
547,81,169.90,2017-05-29,7:51:11,2017-05-29 7:51:11
548,63,72.94,2017-07-04,19:44:18,2017-07-04 19:44:18
549,19,114.63,2017-08-28,21:22:21,2017-08-28 21:22:21
550,41,121.17,2017-08-12,0:12:36,2017-08-12 0:12:36
551,26,3.49,2017-06-26,16:50:44,2017-06-26 16:50:44
552,57,2.53,2017-07-22,21:56:27,2017-07-22 21:56:27
553,90,52.37,2017-03-08,0:01:59,2017-03-08 0:01:59
554,6,101.21,2017-09-27,6:54:05,2017-09-27 6:54:05
555,6,54.18,2017-05-26,13:50:52,2017-05-26 13:50:52
556,10,105.69,2016-12-17,10:28:45,2016-12-17 10:28:45
557,63,114.24,2017-10-26,22:21:48,2017-10-26 22:21:48
558,15,132.94,2017-03-19,13:03:31,2017-03-19 13:03:31
559,63,107.89,2017-10-20,20:25:24,2017-10-20 20:25:24
560,1,121.82,2016-12-03,3:34:03,2016-12-03 3:34:03
561,1,195.98,2017-09-01,4:04:17,2017-09-01 4:04:17
562,86,28.25,2017-01-26,3:50:10,2017-01-26 3:50:10
563,70,129.46,2017-03-04,7:21:22,2017-03-04 7:21:22
564,1,85.05,2017-08-11,0:19:06,2017-08-11 0:19:06
565,67,61.33,2017-04-28,22:46:23,2017-04-28 22:46:23
566,3,125.90,2016-12-01,13:49:19,2016-12-01 13:49:19
567,77,179.61,2017-03-22,12:46:45,2017-03-22 12:46:45
568,54,12.36,2017-06-10,11:50:50,2017-06-10 11:50:50
569,36,133.11,2017-08-07,8:20:34,2017-08-07 8:20:34
570,48,48.14,2017-09-16,18:50:22,2017-09-16 18:50:22
571,100,16.61,2017-08-12,19:43:05,2017-08-12 19:43:05
572,12,76.00,2017-10-13,11:23:44,2017-10-13 11:23:44
573,6,117.38,2017-01-28,19:39:51,2017-01-28 19:39:51
574,58,198.11,2017-11-03,23:50:18,2017-11-03 23:50:18
575,20,65.64,2017-11-10,19:08:28,2017-11-10 19:08:28
576,14,165.25,2017-03-03,7:50:38,2017-03-03 7:50:38
577,62,186.06,2016-12-27,1:18:39,2016-12-27 1:18:39
578,38,29.11,2017-03-26,15:52:20,2017-03-26 15:52:20
579,11,2.60,2017-04-26,22:28:52,2017-04-26 22:28:52
580,44,62.86,2017-04-06,1:37:53,2017-04-06 1:37:53
581,14,125.09,2017-10-12,8:34:53,2017-10-12 8:34:53
582,38,26.68,2017-09-23,7:34:28,2017-09-23 7:34:28
583,6,27.22,2017-09-08,4:56:31,2017-09-08 4:56:31
584,4,50.81,2017-06-20,13:28:06,2017-06-20 13:28:06
585,91,48.05,2017-09-19,20:35:27,2017-09-19 20:35:27
586,84,1.49,2017-01-01,18:52:02,2017-01-01 18:52:02
587,89,147.62,2017-02-21,6:13:58,2017-02-21 6:13:58
588,48,69.75,2017-10-08,7:33:29,2017-10-08 7:33:29
589,59,56.93,2017-11-01,1:44:34,2017-11-01 1:44:34
590,60,178.20,2017-08-20,7:54:10,2017-08-20 7:54:10
591,10,120.50,2017-05-05,15:50:57,2017-05-05 15:50:57
592,43,139.82,2016-12-04,22:36:01,2016-12-04 22:36:01
593,97,32.52,2017-04-24,6:23:57,2017-04-24 6:23:57
594,34,85.92,2017-10-31,18:32:10,2017-10-31 18:32:10
595,9,28.33,2017-01-15,1:34:15,2017-01-15 1:34:15
596,85,133.17,2017-08-19,0:14:39,2017-08-19 0:14:39
597,94,72.81,2017-11-12,16:15:37,2017-11-12 16:15:37
598,5,100.00,2017-09-17,8:16:52,2017-09-17 8:16:52
599,18,80.91,2017-10-30,14:58:07,2017-10-30 14:58:07
600,25,75.14,2017-04-09,19:00:38,2017-04-09 19:00:38
601,98,52.11,2017-11-10,4:28:02,2017-11-10 4:28:02
602,27,94.66,2017-10-24,9:45:09,2017-10-24 9:45:09
603,7,95.50,2017-10-24,17:49:23,2017-10-24 17:49:23
604,59,113.31,2017-06-02,13:46:36,2017-06-02 13:46:36
605,16,6.64,2016-12-11,23:19:48,2016-12-11 23:19:48
606,3,12.31,2017-02-27,15:20:38,2017-02-27 15:20:38
607,12,199.87,2017-07-22,12:13:28,2017-07-22 12:13:28
608,64,145.19,2017-06-03,10:01:41,2017-06-03 10:01:41
609,82,39.42,2017-10-26,14:59:45,2017-10-26 14:59:45
610,79,86.82,2017-06-25,8:43:52,2017-06-25 8:43:52
611,86,114.60,2017-08-07,6:18:01,2017-08-07 6:18:01
612,54,99.35,2017-10-02,23:53:52,2017-10-02 23:53:52
613,97,23.77,2017-05-01,14:23:50,2017-05-01 14:23:50
614,90,57.33,2016-12-25,21:14:00,2016-12-25 21:14:00
615,34,63.57,2016-12-31,17:49:41,2016-12-31 17:49:41
616,25,60.18,2016-12-13,6:11:25,2016-12-13 6:11:25
617,78,83.72,2017-05-05,11:31:36,2017-05-05 11:31:36
618,72,2.39,2017-03-26,1:35:00,2017-03-26 1:35:00
619,46,91.80,2017-07-01,15:01:50,2017-07-01 15:01:50
620,48,83.70,2017-09-25,3:03:27,2017-09-25 3:03:27
621,36,122.93,2017-11-25,9:18:50,2017-11-25 9:18:50
622,78,54.26,2017-04-20,3:23:42,2017-04-20 3:23:42
623,91,89.08,2017-09-18,10:59:52,2017-09-18 10:59:52
624,73,181.62,2017-07-31,6:09:35,2017-07-31 6:09:35
625,16,99.60,2017-07-07,8:14:03,2017-07-07 8:14:03
626,64,38.13,2017-01-07,1:10:40,2017-01-07 1:10:40
627,22,19.81,2017-09-29,2:38:05,2017-09-29 2:38:05
628,2,172.69,2017-09-09,21:20:39,2017-09-09 21:20:39
629,29,179.04,2017-10-30,3:15:36,2017-10-30 3:15:36
630,12,170.36,2017-07-25,16:05:14,2017-07-25 16:05:14
631,57,117.25,2017-08-21,18:14:33,2017-08-21 18:14:33
632,11,1.36,2017-08-02,14:21:00,2017-08-02 14:21:00
633,7,174.18,2017-05-21,10:14:28,2017-05-21 10:14:28
634,51,145.15,2017-04-15,20:03:08,2017-04-15 20:03:08
635,13,177.37,2016-12-04,19:14:17,2016-12-04 19:14:17
636,96,197.99,2016-12-29,4:48:56,2016-12-29 4:48:56
637,9,65.90,2017-09-12,17:44:03,2017-09-12 17:44:03
638,88,65.64,2017-05-29,12:39:47,2017-05-29 12:39:47
639,26,192.56,2016-12-04,2:20:40,2016-12-04 2:20:40
640,14,25.97,2017-08-22,12:49:41,2017-08-22 12:49:41
641,55,55.17,2017-09-08,0:06:27,2017-09-08 0:06:27
642,2,133.67,2017-08-26,18:39:30,2017-08-26 18:39:30
643,61,8.14,2016-11-30,19:25:19,2016-11-30 19:25:19
644,63,81.57,2017-10-05,18:54:48,2017-10-05 18:54:48
645,45,42.43,2017-06-11,22:19:23,2017-06-11 22:19:23
646,48,199.91,2016-12-07,13:40:41,2016-12-07 13:40:41
647,37,95.21,2017-09-14,15:32:43,2017-09-14 15:32:43
648,24,112.98,2017-09-27,18:54:56,2017-09-27 18:54:56
649,64,173.15,2017-06-20,23:07:12,2017-06-20 23:07:12
650,7,148.86,2017-05-05,16:54:10,2017-05-05 16:54:10
651,36,103.52,2017-01-08,21:28:04,2017-01-08 21:28:04
652,45,184.96,2017-09-08,21:39:43,2017-09-08 21:39:43
653,20,116.70,2017-11-16,22:13:29,2017-11-16 22:13:29
654,3,123.26,2017-05-06,13:25:50,2017-05-06 13:25:50
655,93,36.43,2017-10-25,4:47:45,2017-10-25 4:47:45
656,22,116.56,2017-01-19,13:06:24,2017-01-19 13:06:24
657,27,191.59,2017-11-05,3:24:53,2017-11-05 3:24:53
658,63,34.93,2017-08-19,12:24:01,2017-08-19 12:24:01
659,39,172.28,2017-03-09,6:01:50,2017-03-09 6:01:50
660,76,190.24,2017-01-19,7:31:46,2017-01-19 7:31:46
661,33,22.02,2017-09-22,5:26:23,2017-09-22 5:26:23
662,52,55.80,2017-03-02,14:04:25,2017-03-02 14:04:25
663,80,121.92,2017-04-27,13:38:10,2017-04-27 13:38:10
664,30,64.45,2017-06-26,19:47:07,2017-06-26 19:47:07
665,8,184.24,2017-09-10,8:41:11,2017-09-10 8:41:11
666,19,127.07,2017-05-14,13:00:27,2017-05-14 13:00:27
667,52,188.98,2017-06-05,1:39:12,2017-06-05 1:39:12
668,47,82.60,2017-06-29,3:48:35,2017-06-29 3:48:35
669,40,142.96,2017-05-21,16:49:27,2017-05-21 16:49:27
670,83,80.85,2017-09-28,0:06:20,2017-09-28 0:06:20
671,28,120.99,2017-10-16,13:47:58,2017-10-16 13:47:58
672,74,183.96,2016-12-29,3:30:20,2016-12-29 3:30:20
673,71,114.21,2016-11-29,16:36:13,2016-11-29 16:36:13
674,90,122.39,2017-08-30,2:52:50,2017-08-30 2:52:50
675,65,31.43,2016-12-03,8:10:20,2016-12-03 8:10:20
676,32,113.69,2017-11-20,4:49:48,2017-11-20 4:49:48
677,9,94.55,2017-07-09,1:03:37,2017-07-09 1:03:37
678,50,103.93,2016-12-17,12:44:44,2016-12-17 12:44:44
679,26,32.44,2017-02-15,13:29:23,2017-02-15 13:29:23
680,62,54.10,2017-07-17,14:49:47,2017-07-17 14:49:47
681,61,165.57,2017-11-04,11:58:35,2017-11-04 11:58:35
682,71,82.18,2017-07-13,10:53:39,2017-07-13 10:53:39
683,22,106.05,2017-07-04,15:24:23,2017-07-04 15:24:23
684,5,18.12,2017-08-15,21:32:10,2017-08-15 21:32:10
685,60,126.80,2016-12-05,15:37:31,2016-12-05 15:37:31
686,91,107.72,2017-10-09,22:32:44,2017-10-09 22:32:44
687,4,5.67,2017-03-13,1:31:47,2017-03-13 1:31:47
688,34,167.01,2017-03-25,4:56:46,2017-03-25 4:56:46
689,72,8.15,2017-02-07,14:35:31,2017-02-07 14:35:31
690,57,147.41,2017-01-28,16:34:10,2017-01-28 16:34:10
691,67,148.73,2017-10-23,6:37:28,2017-10-23 6:37:28
692,93,11.86,2017-03-14,13:46:06,2017-03-14 13:46:06
693,93,65.55,2017-04-09,21:27:39,2017-04-09 21:27:39
694,72,109.29,2017-11-15,11:50:47,2017-11-15 11:50:47
695,60,90.99,2017-06-15,8:12:28,2017-06-15 8:12:28
696,88,171.05,2017-11-21,11:39:54,2017-11-21 11:39:54
697,15,169.15,2017-08-31,11:11:59,2017-08-31 11:11:59
698,19,85.63,2017-02-15,5:00:30,2017-02-15 5:00:30
699,10,14.82,2017-04-29,23:39:17,2017-04-29 23:39:17
700,43,67.80,2017-01-14,1:45:27,2017-01-14 1:45:27
701,100,197.82,2017-04-02,17:29:04,2017-04-02 17:29:04
702,98,64.29,2017-05-23,6:42:47,2017-05-23 6:42:47
703,32,168.21,2017-03-24,23:37:53,2017-03-24 23:37:53
704,51,78.09,2017-03-31,6:54:47,2017-03-31 6:54:47
705,24,191.91,2017-05-14,10:53:06,2017-05-14 10:53:06
706,9,139.65,2016-12-07,13:48:33,2016-12-07 13:48:33
707,41,57.65,2017-11-16,23:41:29,2017-11-16 23:41:29
708,60,183.20,2017-01-25,8:38:00,2017-01-25 8:38:00
709,37,89.26,2017-05-16,7:27:12,2017-05-16 7:27:12
710,32,188.59,2016-12-20,8:29:33,2016-12-20 8:29:33
711,37,193.67,2016-12-02,16:25:08,2016-12-02 16:25:08
712,60,138.69,2017-08-08,8:34:12,2017-08-08 8:34:12
713,44,71.03,2017-03-26,23:49:05,2017-03-26 23:49:05
714,65,93.30,2017-09-22,7:54:41,2017-09-22 7:54:41
715,20,107.68,2016-12-31,8:11:13,2016-12-31 8:11:13
716,49,26.36,2016-12-21,19:57:08,2016-12-21 19:57:08
717,75,35.37,2017-11-05,17:32:44,2017-11-05 17:32:44
718,88,111.87,2017-04-27,23:50:22,2017-04-27 23:50:22
719,47,5.07,2017-09-17,13:42:56,2017-09-17 13:42:56
720,56,100.41,2017-05-04,18:30:26,2017-05-04 18:30:26
721,72,29.31,2017-01-13,18:30:15,2017-01-13 18:30:15
722,10,62.76,2016-12-30,5:00:33,2016-12-30 5:00:33
723,6,51.20,2017-08-09,3:39:28,2017-08-09 3:39:28
724,30,166.08,2017-04-05,11:49:58,2017-04-05 11:49:58
725,15,46.08,2017-02-18,10:30:04,2017-02-18 10:30:04
726,71,181.67,2017-02-15,23:58:28,2017-02-15 23:58:28
727,31,9.50,2017-08-26,14:43:38,2017-08-26 14:43:38
728,100,167.66,2017-04-04,4:25:57,2017-04-04 4:25:57
729,15,98.20,2017-11-18,19:01:55,2017-11-18 19:01:55
730,78,14.14,2017-09-16,10:56:14,2017-09-16 10:56:14
731,45,80.18,2016-11-26,19:51:29,2016-11-26 19:51:29
732,9,114.83,2017-08-29,11:46:24,2017-08-29 11:46:24
733,10,14.47,2017-04-29,3:39:58,2017-04-29 3:39:58
734,95,95.45,2017-06-08,9:51:36,2017-06-08 9:51:36
735,62,55.92,2017-02-05,20:29:23,2017-02-05 20:29:23
736,29,35.41,2017-02-04,9:42:10,2017-02-04 9:42:10
737,23,189.14,2017-09-27,17:04:33,2017-09-27 17:04:33
738,24,113.37,2017-05-28,17:56:28,2017-05-28 17:56:28
739,70,180.20,2017-11-17,22:45:29,2017-11-17 22:45:29
740,72,3.47,2017-02-25,17:36:10,2017-02-25 17:36:10
741,80,179.95,2017-04-08,23:07:47,2017-04-08 23:07:47
742,53,126.55,2017-04-19,21:58:34,2017-04-19 21:58:34
743,28,87.15,2017-01-10,14:46:08,2017-01-10 14:46:08
744,57,162.16,2017-11-05,8:46:27,2017-11-05 8:46:27
745,61,8.21,2017-05-07,3:51:37,2017-05-07 3:51:37
746,21,10.90,2017-05-01,5:03:44,2017-05-01 5:03:44
747,100,47.78,2017-04-15,14:52:44,2017-04-15 14:52:44
748,81,85.05,2016-12-04,8:32:37,2016-12-04 8:32:37
749,6,48.77,2017-07-15,8:40:46,2017-07-15 8:40:46
750,72,75.94,2017-07-07,7:51:01,2017-07-07 7:51:01
751,28,150.11,2017-10-25,16:12:03,2017-10-25 16:12:03
752,3,128.34,2017-06-20,20:24:32,2017-06-20 20:24:32
753,68,1.25,2017-03-17,20:19:59,2017-03-17 20:19:59
754,65,15.15,2017-03-17,23:54:01,2017-03-17 23:54:01
755,37,117.64,2017-06-11,17:28:06,2017-06-11 17:28:06
756,74,135.35,2017-10-25,3:09:04,2017-10-25 3:09:04
757,31,85.05,2017-01-17,14:37:28,2017-01-17 14:37:28
758,39,33.84,2017-01-07,16:17:39,2017-01-07 16:17:39
759,28,57.19,2017-06-13,4:56:35,2017-06-13 4:56:35
760,77,100.75,2017-11-01,22:33:09,2017-11-01 22:33:09
761,72,131.84,2017-02-17,5:19:15,2017-02-17 5:19:15
762,45,29.17,2017-09-07,0:40:40,2017-09-07 0:40:40
763,34,49.24,2017-05-05,6:29:52,2017-05-05 6:29:52
764,69,154.76,2017-10-14,7:21:49,2017-10-14 7:21:49
765,72,35.90,2017-04-05,8:15:01,2017-04-05 8:15:01
766,96,44.31,2017-11-22,7:53:14,2017-11-22 7:53:14
767,55,103.23,2016-11-28,1:31:34,2016-11-28 1:31:34
768,24,57.42,2017-02-14,21:31:51,2017-02-14 21:31:51
769,23,18.62,2017-03-03,13:16:17,2017-03-03 13:16:17
770,69,144.45,2017-07-17,15:55:06,2017-07-17 15:55:06
771,93,40.48,2017-01-11,2:59:49,2017-01-11 2:59:49
772,49,186.59,2017-06-16,21:55:28,2017-06-16 21:55:28
773,24,91.43,2016-12-29,15:38:45,2016-12-29 15:38:45
774,13,56.11,2017-02-18,7:22:30,2017-02-18 7:22:30
775,18,12.99,2017-11-02,0:02:17,2017-11-02 0:02:17
776,70,70.16,2017-01-25,10:26:11,2017-01-25 10:26:11
777,30,30.56,2017-02-13,21:33:58,2017-02-13 21:33:58
778,56,150.33,2017-07-04,11:12:25,2017-07-04 11:12:25
779,9,38.74,2016-12-26,20:11:21,2016-12-26 20:11:21
780,94,158.22,2017-03-21,19:32:30,2017-03-21 19:32:30
781,50,198.88,2016-11-27,15:23:37,2016-11-27 15:23:37
782,26,194.33,2017-04-09,12:44:44,2017-04-09 12:44:44
783,35,155.40,2017-10-13,3:02:12,2017-10-13 3:02:12
784,31,29.96,2017-03-22,6:41:37,2017-03-22 6:41:37
785,71,157.95,2016-12-07,2:34:14,2016-12-07 2:34:14
786,55,5.03,2017-06-28,12:23:15,2017-06-28 12:23:15
787,35,96.51,2017-03-03,4:04:43,2017-03-03 4:04:43
788,30,61.64,2017-04-07,5:09:57,2017-04-07 5:09:57
789,75,89.05,2017-06-17,18:05:23,2017-06-17 18:05:23
790,90,175.73,2016-12-19,9:27:09,2016-12-19 9:27:09
791,25,65.42,2017-06-19,18:34:52,2017-06-19 18:34:52
792,72,137.23,2017-07-16,6:00:37,2017-07-16 6:00:37
793,22,141.13,2017-07-10,14:30:47,2017-07-10 14:30:47
794,55,174.61,2017-08-03,6:14:16,2017-08-03 6:14:16
795,34,148.23,2017-01-05,2:01:22,2017-01-05 2:01:22
796,82,110.70,2017-07-23,0:08:04,2017-07-23 0:08:04
797,87,12.81,2017-06-26,2:40:52,2017-06-26 2:40:52
798,64,192.32,2017-04-27,18:36:22,2017-04-27 18:36:22
799,66,109.87,2017-07-21,15:34:31,2017-07-21 15:34:31
800,67,143.03,2017-06-11,13:29:35,2017-06-11 13:29:35
801,74,85.19,2017-07-24,11:04:46,2017-07-24 11:04:46
802,54,189.80,2017-09-30,21:35:12,2017-09-30 21:35:12
803,4,4.63,2017-07-09,11:22:08,2017-07-09 11:22:08
804,31,35.60,2017-03-20,2:46:47,2017-03-20 2:46:47
805,90,6.01,2017-04-06,9:20:22,2017-04-06 9:20:22
806,72,22.32,2017-08-25,18:29:00,2017-08-25 18:29:00
807,68,15.91,2017-03-18,11:42:26,2017-03-18 11:42:26
808,32,68.68,2017-07-19,23:30:21,2017-07-19 23:30:21
809,86,16.14,2017-11-20,22:21:11,2017-11-20 22:21:11
810,82,53.69,2017-06-07,1:44:25,2017-06-07 1:44:25
811,90,67.11,2017-05-09,10:48:42,2017-05-09 10:48:42
812,76,176.43,2016-12-13,10:02:06,2016-12-13 10:02:06
813,18,80.43,2017-04-25,12:58:24,2017-04-25 12:58:24
814,84,59.66,2017-10-24,4:45:54,2017-10-24 4:45:54
815,79,93.98,2016-12-12,7:12:24,2016-12-12 7:12:24
816,14,188.25,2017-02-20,16:36:19,2017-02-20 16:36:19
817,6,145.14,2017-07-17,4:56:43,2017-07-17 4:56:43
818,98,41.95,2017-01-27,7:07:15,2017-01-27 7:07:15
819,78,187.05,2017-07-17,3:24:29,2017-07-17 3:24:29
820,13,161.82,2017-10-17,17:04:20,2017-10-17 17:04:20
821,99,175.22,2017-03-27,15:23:04,2017-03-27 15:23:04
822,47,16.08,2017-10-19,1:42:36,2017-10-19 1:42:36
823,97,18.85,2017-09-03,19:42:08,2017-09-03 19:42:08
824,23,139.43,2017-07-28,11:14:59,2017-07-28 11:14:59
825,45,56.30,2017-06-01,22:10:29,2017-06-01 22:10:29
826,26,55.13,2017-07-30,13:11:36,2017-07-30 13:11:36
827,3,85.40,2017-02-27,7:45:30,2017-02-27 7:45:30
828,5,100.18,2017-02-18,14:06:16,2017-02-18 14:06:16
829,62,44.83,2017-08-17,7:34:58,2017-08-17 7:34:58
830,47,35.75,2017-07-27,4:03:02,2017-07-27 4:03:02
831,78,38.44,2017-04-24,16:09:57,2017-04-24 16:09:57
832,68,19.88,2017-07-10,19:54:54,2017-07-10 19:54:54
833,40,3.58,2017-08-13,22:22:37,2017-08-13 22:22:37
834,92,124.77,2017-10-13,16:19:05,2017-10-13 16:19:05
835,6,89.13,2017-08-31,4:57:21,2017-08-31 4:57:21
836,91,31.46,2017-08-16,12:14:34,2017-08-16 12:14:34
837,98,76.40,2016-12-01,11:42:14,2016-12-01 11:42:14
838,78,143.47,2017-10-18,23:34:54,2017-10-18 23:34:54
839,93,44.25,2017-02-24,9:19:04,2017-02-24 9:19:04
840,6,139.75,2017-08-07,23:50:57,2017-08-07 23:50:57
841,31,15.08,2017-06-28,2:42:01,2017-06-28 2:42:01
842,62,16.00,2017-04-01,9:02:40,2017-04-01 9:02:40
843,35,174.93,2017-01-25,17:26:46,2017-01-25 17:26:46
844,14,122.14,2017-07-04,14:05:24,2017-07-04 14:05:24
845,46,151.32,2017-01-06,19:02:08,2017-01-06 19:02:08
846,55,91.80,2016-12-05,18:44:01,2016-12-05 18:44:01
847,67,145.16,2017-05-20,16:42:44,2017-05-20 16:42:44
848,81,48.90,2017-01-19,7:55:23,2017-01-19 7:55:23
849,81,188.59,2017-10-31,18:57:36,2017-10-31 18:57:36
850,81,163.36,2017-06-13,19:45:16,2017-06-13 19:45:16
851,100,37.72,2017-07-18,22:30:01,2017-07-18 22:30:01
852,80,17.29,2017-10-21,3:38:38,2017-10-21 3:38:38
853,49,91.97,2017-05-06,21:44:05,2017-05-06 21:44:05
854,67,8.99,2017-08-08,13:16:45,2017-08-08 13:16:45
855,26,18.85,2016-12-08,14:54:23,2016-12-08 14:54:23
856,42,163.97,2017-08-22,17:03:37,2017-08-22 17:03:37
857,6,184.14,2017-06-04,6:51:25,2017-06-04 6:51:25
858,65,164.57,2017-06-02,17:37:33,2017-06-02 17:37:33
859,37,119.85,2017-07-05,16:11:11,2017-07-05 16:11:11
860,45,45.06,2017-11-16,12:47:10,2017-11-16 12:47:10
861,48,89.65,2017-05-04,5:48:27,2017-05-04 5:48:27
862,97,77.76,2017-10-03,20:04:53,2017-10-03 20:04:53
863,45,10.37,2017-04-26,8:24:47,2017-04-26 8:24:47
864,91,180.48,2017-09-26,10:47:57,2017-09-26 10:47:57
865,61,166.51,2017-05-30,7:14:14,2017-05-30 7:14:14
866,90,161.46,2017-09-16,20:39:33,2017-09-16 20:39:33
867,6,22.26,2017-06-16,14:36:07,2017-06-16 14:36:07
868,24,192.83,2016-12-01,16:12:45,2016-12-01 16:12:45
869,67,78.27,2017-08-20,19:57:51,2017-08-20 19:57:51
870,34,38.81,2017-10-23,1:47:43,2017-10-23 1:47:43
871,67,72.93,2017-07-08,17:12:21,2017-07-08 17:12:21
872,20,34.79,2017-01-09,22:39:39,2017-01-09 22:39:39
873,54,61.20,2017-07-19,23:35:44,2017-07-19 23:35:44
874,6,117.47,2017-03-24,0:13:23,2017-03-24 0:13:23
875,50,96.77,2017-08-27,15:13:15,2017-08-27 15:13:15
876,83,180.50,2017-05-15,22:04:43,2017-05-15 22:04:43
877,15,24.17,2017-10-29,5:56:35,2017-10-29 5:56:35
878,88,53.10,2017-03-04,8:38:54,2017-03-04 8:38:54
879,98,120.94,2017-03-15,14:32:54,2017-03-15 14:32:54
880,67,152.88,2017-04-21,4:41:00,2017-04-21 4:41:00
881,79,101.17,2017-11-03,7:48:45,2017-11-03 7:48:45
882,29,147.63,2017-09-24,20:20:56,2017-09-24 20:20:56
883,31,199.28,2016-11-29,13:00:43,2016-11-29 13:00:43
884,50,103.00,2017-10-29,8:59:41,2017-10-29 8:59:41
885,74,26.15,2017-10-03,12:12:18,2017-10-03 12:12:18
886,36,182.16,2017-04-12,8:54:08,2017-04-12 8:54:08
887,79,112.27,2017-03-02,14:04:28,2017-03-02 14:04:28
888,77,26.09,2016-12-25,7:54:59,2016-12-25 7:54:59
889,7,180.67,2017-06-08,8:27:37,2017-06-08 8:27:37
890,13,4.00,2017-03-18,14:26:51,2017-03-18 14:26:51
891,7,181.46,2017-07-04,17:29:55,2017-07-04 17:29:55
892,55,54.23,2017-05-29,16:42:35,2017-05-29 16:42:35
893,79,146.35,2017-04-15,0:04:07,2017-04-15 0:04:07
894,35,55.31,2017-03-30,4:53:22,2017-03-30 4:53:22
895,68,57.47,2016-12-22,13:17:34,2016-12-22 13:17:34
896,22,7.96,2017-04-23,18:45:25,2017-04-23 18:45:25
897,28,129.83,2017-05-03,0:41:31,2017-05-03 0:41:31
898,91,27.94,2017-08-26,1:34:53,2017-08-26 1:34:53
899,71,179.78,2017-05-14,17:57:27,2017-05-14 17:57:27
900,63,134.29,2016-12-16,11:14:04,2016-12-16 11:14:04
901,74,194.34,2017-08-12,7:33:33,2017-08-12 7:33:33
902,58,176.14,2016-12-09,15:23:24,2016-12-09 15:23:24
903,9,19.15,2017-03-22,18:06:14,2017-03-22 18:06:14
904,68,6.85,2017-11-22,18:39:25,2017-11-22 18:39:25
905,28,114.44,2017-07-08,2:33:06,2017-07-08 2:33:06
906,34,83.96,2017-02-21,8:23:13,2017-02-21 8:23:13
907,40,72.29,2017-03-07,19:12:34,2017-03-07 19:12:34
908,55,49.73,2016-12-08,13:08:59,2016-12-08 13:08:59
909,63,2.06,2017-10-20,8:57:37,2017-10-20 8:57:37
910,64,23.52,2017-07-16,1:20:42,2017-07-16 1:20:42
911,36,179.34,2017-07-02,15:50:01,2017-07-02 15:50:01
912,59,167.00,2016-12-27,6:55:35,2016-12-27 6:55:35
913,72,133.96,2017-09-18,11:18:57,2017-09-18 11:18:57
914,90,127.24,2017-08-04,3:54:06,2017-08-04 3:54:06
915,37,96.18,2017-05-09,10:51:12,2017-05-09 10:51:12
916,37,69.32,2017-10-05,2:24:46,2017-10-05 2:24:46
917,6,159.28,2017-03-09,8:39:40,2017-03-09 8:39:40
918,17,34.28,2017-11-19,18:58:53,2017-11-19 18:58:53
919,49,71.03,2017-09-18,18:37:07,2017-09-18 18:37:07
920,91,120.97,2017-01-04,19:36:08,2017-01-04 19:36:08
921,43,194.99,2017-10-21,2:18:02,2017-10-21 2:18:02
922,17,159.66,2017-05-20,15:57:03,2017-05-20 15:57:03
923,36,149.16,2017-04-05,16:24:07,2017-04-05 16:24:07
924,5,1.12,2017-01-22,1:00:13,2017-01-22 1:00:13
925,8,46.58,2017-05-20,17:36:31,2017-05-20 17:36:31
926,43,87.88,2017-08-16,0:06:01,2017-08-16 0:06:01
927,4,170.04,2017-06-11,23:41:03,2017-06-11 23:41:03
928,5,103.13,2017-06-12,15:35:51,2017-06-12 15:35:51
929,49,69.52,2017-03-20,22:29:40,2017-03-20 22:29:40
930,9,33.46,2017-09-25,17:28:01,2017-09-25 17:28:01
931,14,175.23,2017-09-03,11:46:05,2017-09-03 11:46:05
932,48,190.05,2017-02-09,16:20:00,2017-02-09 16:20:00
933,71,112.61,2017-04-09,22:33:07,2017-04-09 22:33:07
934,98,22.28,2017-09-19,7:15:43,2017-09-19 7:15:43
935,84,105.59,2017-11-10,5:57:36,2017-11-10 5:57:36
936,8,25.03,2017-04-03,8:04:03,2017-04-03 8:04:03
937,71,109.89,2017-04-18,21:28:24,2017-04-18 21:28:24
938,24,59.96,2017-03-01,12:12:56,2017-03-01 12:12:56
939,25,8.55,2016-12-03,14:38:15,2016-12-03 14:38:15
940,22,56.26,2017-10-30,6:32:46,2017-10-30 6:32:46
941,78,135.71,2017-09-06,18:53:06,2017-09-06 18:53:06
942,9,3.12,2017-08-13,23:01:39,2017-08-13 23:01:39
943,27,120.42,2017-07-20,18:11:07,2017-07-20 18:11:07
944,43,84.94,2017-01-08,6:18:58,2017-01-08 6:18:58
945,81,46.07,2017-10-16,22:16:26,2017-10-16 22:16:26
946,80,168.65,2017-03-15,5:24:00,2017-03-15 5:24:00
947,20,167.79,2016-12-02,22:46:59,2016-12-02 22:46:59
948,16,87.90,2017-03-01,20:44:41,2017-03-01 20:44:41
949,66,84.93,2017-06-15,4:27:29,2017-06-15 4:27:29
950,62,100.18,2017-10-06,22:13:22,2017-10-06 22:13:22
951,26,130.35,2017-09-01,16:11:02,2017-09-01 16:11:02
952,58,36.61,2017-04-02,14:28:27,2017-04-02 14:28:27
953,95,90.86,2017-02-09,22:31:09,2017-02-09 22:31:09
954,75,184.91,2017-06-05,19:04:58,2017-06-05 19:04:58
955,78,20.40,2017-08-15,1:02:07,2017-08-15 1:02:07
956,81,133.76,2017-11-12,22:34:45,2017-11-12 22:34:45
957,91,123.62,2017-10-28,23:15:38,2017-10-28 23:15:38
958,21,53.16,2017-05-29,5:28:01,2017-05-29 5:28:01
959,62,185.64,2017-04-24,20:24:20,2017-04-24 20:24:20
960,100,37.09,2017-11-13,16:41:09,2017-11-13 16:41:09
961,54,38.86,2017-03-23,11:09:55,2017-03-23 11:09:55
962,89,91.09,2017-04-30,20:17:58,2017-04-30 20:17:58
963,45,27.63,2017-08-26,20:34:51,2017-08-26 20:34:51
964,81,123.56,2017-11-22,8:30:51,2017-11-22 8:30:51
965,63,104.29,2017-02-25,0:35:16,2017-02-25 0:35:16
966,50,94.06,2016-12-06,0:23:39,2016-12-06 0:23:39
967,89,105.23,2017-05-31,2:01:40,2017-05-31 2:01:40
968,74,184.48,2017-02-17,11:38:16,2017-02-17 11:38:16
969,63,107.74,2017-08-30,19:16:43,2017-08-30 19:16:43
970,40,37.66,2017-10-31,0:51:42,2017-10-31 0:51:42
971,56,77.03,2017-01-21,7:00:14,2017-01-21 7:00:14
972,88,134.49,2016-12-24,17:58:46,2016-12-24 17:58:46
973,14,130.36,2016-12-06,2:17:22,2016-12-06 2:17:22
974,18,143.56,2017-07-24,17:57:14,2017-07-24 17:57:14
975,66,129.81,2016-12-16,18:02:49,2016-12-16 18:02:49
976,13,96.73,2017-09-18,20:15:00,2017-09-18 20:15:00
977,76,13.99,2016-11-27,2:18:16,2016-11-27 2:18:16
978,11,110.81,2016-12-18,17:01:08,2016-12-18 17:01:08
979,57,115.65,2017-06-28,19:59:47,2017-06-28 19:59:47
980,64,23.93,2016-12-18,0:30:17,2016-12-18 0:30:17
981,43,100.54,2017-10-25,16:17:46,2017-10-25 16:17:46
982,7,20.06,2016-12-14,15:07:14,2016-12-14 15:07:14
983,91,116.58,2017-03-19,21:35:16,2017-03-19 21:35:16
984,51,191.28,2017-01-15,10:07:12,2017-01-15 10:07:12
985,5,27.95,2017-10-30,2:17:27,2017-10-30 2:17:27
986,51,48.01,2017-04-26,22:09:19,2017-04-26 22:09:19
987,29,29.19,2017-03-27,8:52:23,2017-03-27 8:52:23
988,88,146.29,2017-01-20,5:31:07,2017-01-20 5:31:07
989,93,166.37,2016-12-18,10:33:19,2016-12-18 10:33:19
990,52,121.44,2017-11-02,14:35:28,2017-11-02 14:35:28
991,64,156.96,2017-08-21,11:33:22,2017-08-21 11:33:22
992,13,41.06,2017-02-07,9:53:08,2017-02-07 9:53:08
993,95,185.48,2017-09-29,1:02:38,2017-09-29 1:02:38
994,91,147.03,2017-08-01,21:14:58,2017-08-01 21:14:58
995,53,32.16,2017-03-19,8:20:58,2017-03-19 8:20:58
996,76,100.13,2017-01-05,7:35:17,2017-01-05 7:35:17
997,77,41.16,2017-11-22,13:48:37,2017-11-22 13:48:37
998,53,199.93,2016-12-10,1:57:01,2016-12-10 1:57:01
999,11,183.39,2017-06-07,10:30:47,2017-06-07 10:30:47
1000,84,3.33,2017-05-04,14:11:00,2017-05-04 14:11:00
